name,tier,sector,sub_sector,region,country,hq,employees,fit,functions,website,linkedin,careers,notes
Plaid,Tier 1,Open Banking & Data Connectivity,Open Banking & Data Connectivity,US / Europe / LATAM,,,,10,"Engineering, Product, Partnerships, Commercial",https://www.plaid.com,https://www.linkedin.com/company/plaid,https://www.plaid.com/careers,"Tier 1 Open Banking & Data Connectivity talent pool for Lean. Useful for engineering, product, partnerships, commercial mapping."
Tink,Tier 1,Open Banking & Data Connectivity,Open Banking & Data Connectivity,US / Europe / LATAM,,,,10,"Engineering, Product, Partnerships, Commercial",https://www.tink.com,https://www.linkedin.com/company/tink,https://www.tink.com/careers,"Tier 1 Open Banking & Data Connectivity talent pool for Lean. Useful for engineering, product, partnerships, commercial mapping."
TrueLayer,Tier 1,Open Banking & Data Connectivity,Open Banking & Data Connectivity,US / Europe / LATAM,,,,10,"Engineering, Product, Partnerships, Commercial",https://www.truelayer.com,https://www.linkedin.com/company/truelayer,https://www.truelayer.com/careers,"Tier 1 Open Banking & Data Connectivity talent pool for Lean. Useful for engineering, product, partnerships, commercial mapping."
Yapily,Tier 1,Open Banking & Data Connectivity,Open Banking & Data Connectivity,US / Europe / LATAM,,,,10,"Engineering, Product, Partnerships, Commercial",https://www.yapily.com,https://www.linkedin.com/company/yapily,https://www.yapily.com/careers,"Tier 1 Open Banking & Data Connectivity talent pool for Lean. Useful for engineering, product, partnerships, commercial mapping."
Volt,Tier 1,Open Banking & Data Connectivity,Open Banking & Data Connectivity,US / Europe / LATAM,,,,10,"Engineering, Product, Partnerships, Commercial",https://www.volt.com,https://www.linkedin.com/company/volt,https://www.volt.com/careers,"Tier 1 Open Banking & Data Connectivity talent pool for Lean. Useful for engineering, product, partnerships, commercial mapping."
Token.io,Tier 1,Open Banking & Data Connectivity,Open Banking & Data Connectivity,US / Europe / LATAM,,,,10,"Engineering, Product, Partnerships, Commercial",https://token.io,https://www.linkedin.com/company/token-io,https://token.io/careers,"Tier 1 Open Banking & Data Connectivity talent pool for Lean. Useful for engineering, product, partnerships, commercial mapping."
Finicity,Tier 1,Open Banking & Data Connectivity,Open Banking & Data Connectivity,US / Europe / LATAM,,,,10,"Engineering, Product, Partnerships, Commercial",https://www.finicity.com,https://www.linkedin.com/company/finicity,https://www.finicity.com/careers,"Tier 1 Open Banking & Data Connectivity talent pool for Lean. Useful for engineering, product, partnerships, commercial mapping."
Bud,Tier 1,Open Banking & Data Connectivity,Open Banking & Data Connectivity,US / Europe / LATAM,,,,10,"Engineering, Product, Partnerships, Commercial",https://www.bud.com,https://www.linkedin.com/company/bud,https://www.bud.com/careers,"Tier 1 Open Banking & Data Connectivity talent pool for Lean. Useful for engineering, product, partnerships, commercial mapping."
Salt Edge,Tier 1,Open Banking & Data Connectivity,Open Banking & Data Connectivity,US / Europe / LATAM,,,,10,"Engineering, Product, Partnerships, Commercial",https://www.salt-edge.com,https://www.linkedin.com/company/salt-edge,https://www.salt-edge.com/careers,"Tier 1 Open Banking & Data Connectivity talent pool for Lean. Useful for engineering, product, partnerships, commercial mapping."
Belvo,Tier 1,Open Banking & Data Connectivity,Open Banking & Data Connectivity,US / Europe / LATAM,,,,10,"Engineering, Product, Partnerships, Commercial",https://www.belvo.com,https://www.linkedin.com/company/belvo,https://www.belvo.com/careers,"Tier 1 Open Banking & Data Connectivity talent pool for Lean. Useful for engineering, product, partnerships, commercial mapping."
Stripe,Tier 1,Payments Infrastructure,Payments Infrastructure,Global,,,,10,"Engineering, Product, Partnerships, Commercial, Risk",https://www.stripe.com,https://www.linkedin.com/company/stripe,https://www.stripe.com/careers,"Tier 1 Payments Infrastructure talent pool for Lean. Useful for engineering, product, partnerships, commercial, risk mapping."
Adyen,Tier 1,Payments Infrastructure,Payments Infrastructure,Global,,,,10,"Engineering, Product, Partnerships, Commercial, Risk",https://www.adyen.com,https://www.linkedin.com/company/adyen,https://www.adyen.com/careers,"Tier 1 Payments Infrastructure talent pool for Lean. Useful for engineering, product, partnerships, commercial, risk mapping."
Checkout.com,Tier 1,Payments Infrastructure,Payments Infrastructure,Global,,,,10,"Engineering, Product, Partnerships, Commercial, Risk",https://www.checkout.com,https://www.linkedin.com/company/checkout-com,https://www.checkout.com/careers,"Tier 1 Payments Infrastructure talent pool for Lean. Useful for engineering, product, partnerships, commercial, risk mapping."
Airwallex,Tier 1,Payments Infrastructure,Payments Infrastructure,Global,,,,10,"Engineering, Product, Partnerships, Commercial, Risk",https://www.airwallex.com,https://www.linkedin.com/company/airwallex,https://www.airwallex.com/careers,"Tier 1 Payments Infrastructure talent pool for Lean. Useful for engineering, product, partnerships, commercial, risk mapping."
Wise,Tier 1,Payments Infrastructure,Payments Infrastructure,Global,,,,10,"Engineering, Product, Partnerships, Commercial, Risk",https://www.wise.com,https://www.linkedin.com/company/wise,https://www.wise.com/careers,"Tier 1 Payments Infrastructure talent pool for Lean. Useful for engineering, product, partnerships, commercial, risk mapping."
Rapyd,Tier 1,Payments Infrastructure,Payments Infrastructure,Global,,,,10,"Engineering, Product, Partnerships, Commercial, Risk",https://www.rapyd.com,https://www.linkedin.com/company/rapyd,https://www.rapyd.com/careers,"Tier 1 Payments Infrastructure talent pool for Lean. Useful for engineering, product, partnerships, commercial, risk mapping."
Marqeta,Tier 1,Payments Infrastructure,Payments Infrastructure,Global,,,,10,"Engineering, Product, Partnerships, Commercial, Risk",https://www.marqeta.com,https://www.linkedin.com/company/marqeta,https://www.marqeta.com/careers,"Tier 1 Payments Infrastructure talent pool for Lean. Useful for engineering, product, partnerships, commercial, risk mapping."
GoCardless,Tier 1,Payments Infrastructure,Payments Infrastructure,Global,,,,10,"Engineering, Product, Partnerships, Commercial, Risk",https://www.gocardless.com,https://www.linkedin.com/company/gocardless,https://www.gocardless.com/careers,"Tier 1 Payments Infrastructure talent pool for Lean. Useful for engineering, product, partnerships, commercial, risk mapping."
Nium,Tier 1,Payments Infrastructure,Payments Infrastructure,Global,,,,10,"Engineering, Product, Partnerships, Commercial, Risk",https://www.nium.com,https://www.linkedin.com/company/nium,https://www.nium.com/careers,"Tier 1 Payments Infrastructure talent pool for Lean. Useful for engineering, product, partnerships, commercial, risk mapping."
Thunes,Tier 1,Payments Infrastructure,Payments Infrastructure,Global,,,,10,"Engineering, Product, Partnerships, Commercial, Risk",https://www.thunes.com,https://www.linkedin.com/company/thunes,https://www.thunes.com/careers,"Tier 1 Payments Infrastructure talent pool for Lean. Useful for engineering, product, partnerships, commercial, risk mapping."
Thought Machine,Tier 1,Banking Infrastructure,Banking Infrastructure,Global,,,,9,"Engineering, Product, Implementation, Partnerships",https://www.thought-machine.com,https://www.linkedin.com/company/thought-machine,https://www.thought-machine.com/careers,"Tier 1 Banking Infrastructure talent pool for Lean. Useful for engineering, product, implementation, partnerships mapping."
Mambu,Tier 1,Banking Infrastructure,Banking Infrastructure,Global,,,,9,"Engineering, Product, Implementation, Partnerships",https://www.mambu.com,https://www.linkedin.com/company/mambu,https://www.mambu.com/careers,"Tier 1 Banking Infrastructure talent pool for Lean. Useful for engineering, product, implementation, partnerships mapping."
Solaris,Tier 1,Banking Infrastructure,Banking Infrastructure,Global,,,,9,"Engineering, Product, Implementation, Partnerships",https://www.solaris.com,https://www.linkedin.com/company/solaris,https://www.solaris.com/careers,"Tier 1 Banking Infrastructure talent pool for Lean. Useful for engineering, product, implementation, partnerships mapping."
Finastra,Tier 1,Banking Infrastructure,Banking Infrastructure,Global,,,,9,"Engineering, Product, Implementation, Partnerships",https://www.finastra.com,https://www.linkedin.com/company/finastra,https://www.finastra.com/careers,"Tier 1 Banking Infrastructure talent pool for Lean. Useful for engineering, product, implementation, partnerships mapping."
10x Banking,Tier 1,Banking Infrastructure,Banking Infrastructure,Global,,,,9,"Engineering, Product, Implementation, Partnerships",https://www.10xbanking.com,https://www.linkedin.com/company/10x-banking,https://www.10xbanking.com/careers,"Tier 1 Banking Infrastructure talent pool for Lean. Useful for engineering, product, implementation, partnerships mapping."
Backbase,Tier 1,Banking Infrastructure,Banking Infrastructure,Global,,,,9,"Engineering, Product, Implementation, Partnerships",https://www.backbase.com,https://www.linkedin.com/company/backbase,https://www.backbase.com/careers,"Tier 1 Banking Infrastructure talent pool for Lean. Useful for engineering, product, implementation, partnerships mapping."
Temenos,Tier 1,Banking Infrastructure,Banking Infrastructure,Global,,,,9,"Engineering, Product, Implementation, Partnerships",https://www.temenos.com,https://www.linkedin.com/company/temenos,https://www.temenos.com/careers,"Tier 1 Banking Infrastructure talent pool for Lean. Useful for engineering, product, implementation, partnerships mapping."
Finxact,Tier 1,Banking Infrastructure,Banking Infrastructure,Global,,,,9,"Engineering, Product, Implementation, Partnerships",https://www.finxact.com,https://www.linkedin.com/company/finxact,https://www.finxact.com/careers,"Tier 1 Banking Infrastructure talent pool for Lean. Useful for engineering, product, implementation, partnerships mapping."
Synapse,Tier 1,Banking Infrastructure,Banking Infrastructure,Global,,,,9,"Engineering, Product, Implementation, Partnerships",https://www.synapse.com,https://www.linkedin.com/company/synapse,https://www.synapse.com/careers,"Tier 1 Banking Infrastructure talent pool for Lean. Useful for engineering, product, implementation, partnerships mapping."
Unit,Tier 1,Banking Infrastructure,Banking Infrastructure,Global,,,,9,"Engineering, Product, Implementation, Partnerships",https://www.unit.com,https://www.linkedin.com/company/unit,https://www.unit.com/careers,"Tier 1 Banking Infrastructure talent pool for Lean. Useful for engineering, product, implementation, partnerships mapping."
Tabby,Tier 1,GCC Fintech Champions,GCC Fintech Champions,MENA / GCC,,,,9,"Product, Commercial, Partnerships, Operations",https://www.tabby.com,https://www.linkedin.com/company/tabby,https://www.tabby.com/careers,"Tier 1 GCC Fintech Champions talent pool for Lean. Useful for product, commercial, partnerships, operations mapping."
Tamara,Tier 1,GCC Fintech Champions,GCC Fintech Champions,MENA / GCC,,,,9,"Product, Commercial, Partnerships, Operations",https://www.tamara.com,https://www.linkedin.com/company/tamara,https://www.tamara.com/careers,"Tier 1 GCC Fintech Champions talent pool for Lean. Useful for product, commercial, partnerships, operations mapping."
Careem,Tier 1,GCC Fintech Champions,GCC Fintech Champions,MENA / GCC,,,,9,"Product, Commercial, Partnerships, Operations",https://www.careem.com,https://www.linkedin.com/company/careem,https://www.careem.com/careers,"Tier 1 GCC Fintech Champions talent pool for Lean. Useful for product, commercial, partnerships, operations mapping."
Foodics,Tier 1,GCC Fintech Champions,GCC Fintech Champions,MENA / GCC,,,,9,"Product, Commercial, Partnerships, Operations",https://www.foodics.com,https://www.linkedin.com/company/foodics,https://www.foodics.com/careers,"Tier 1 GCC Fintech Champions talent pool for Lean. Useful for product, commercial, partnerships, operations mapping."
Paymob,Tier 1,GCC Fintech Champions,GCC Fintech Champions,MENA / GCC,,,,9,"Product, Commercial, Partnerships, Operations",https://www.paymob.com,https://www.linkedin.com/company/paymob,https://www.paymob.com/careers,"Tier 1 GCC Fintech Champions talent pool for Lean. Useful for product, commercial, partnerships, operations mapping."
Lean Technologies,Tier 1,GCC Fintech Champions,GCC Fintech Champions,MENA / GCC,,,,9,"Product, Commercial, Partnerships, Operations",https://leantech.me,https://www.linkedin.com/company/leantech-me,https://leantech.me/careers,"Tier 1 GCC Fintech Champions talent pool for Lean. Useful for product, commercial, partnerships, operations mapping."
Geidea,Tier 1,GCC Fintech Champions,GCC Fintech Champions,MENA / GCC,,,,9,"Product, Commercial, Partnerships, Operations",https://www.geidea.com,https://www.linkedin.com/company/geidea,https://www.geidea.com/careers,"Tier 1 GCC Fintech Champions talent pool for Lean. Useful for product, commercial, partnerships, operations mapping."
Ziina,Tier 1,GCC Fintech Champions,GCC Fintech Champions,MENA / GCC,,,,9,"Product, Commercial, Partnerships, Operations",https://www.ziina.com,https://www.linkedin.com/company/ziina,https://www.ziina.com/careers,"Tier 1 GCC Fintech Champions talent pool for Lean. Useful for product, commercial, partnerships, operations mapping."
Mamo,Tier 1,GCC Fintech Champions,GCC Fintech Champions,MENA / GCC,,,,9,"Product, Commercial, Partnerships, Operations",https://www.mamo.com,https://www.linkedin.com/company/mamo,https://www.mamo.com/careers,"Tier 1 GCC Fintech Champions talent pool for Lean. Useful for product, commercial, partnerships, operations mapping."
YAP,Tier 1,GCC Fintech Champions,GCC Fintech Champions,MENA / GCC,,,,9,"Product, Commercial, Partnerships, Operations",https://www.yap.com,https://www.linkedin.com/company/yap,https://www.yap.com/careers,"Tier 1 GCC Fintech Champions talent pool for Lean. Useful for product, commercial, partnerships, operations mapping."
Flutterwave,Tier 1,Africa Fintech Champions,Africa Fintech Champions,Africa,,,,9,"Product, Engineering, Commercial, Operations",https://www.flutterwave.com,https://www.linkedin.com/company/flutterwave,https://www.flutterwave.com/careers,"Tier 1 Africa Fintech Champions talent pool for Lean. Useful for product, engineering, commercial, operations mapping."
Moniepoint,Tier 1,Africa Fintech Champions,Africa Fintech Champions,Africa,,,,9,"Product, Engineering, Commercial, Operations",https://www.moniepoint.com,https://www.linkedin.com/company/moniepoint,https://www.moniepoint.com/careers,"Tier 1 Africa Fintech Champions talent pool for Lean. Useful for product, engineering, commercial, operations mapping."
Interswitch,Tier 1,Africa Fintech Champions,Africa Fintech Champions,Africa,,,,9,"Product, Engineering, Commercial, Operations",https://www.interswitch.com,https://www.linkedin.com/company/interswitch,https://www.interswitch.com/careers,"Tier 1 Africa Fintech Champions talent pool for Lean. Useful for product, engineering, commercial, operations mapping."
Chipper Cash,Tier 1,Africa Fintech Champions,Africa Fintech Champions,Africa,,,,9,"Product, Engineering, Commercial, Operations",https://www.chipper-cash.com,https://www.linkedin.com/company/chipper-cash,https://www.chipper-cash.com/careers,"Tier 1 Africa Fintech Champions talent pool for Lean. Useful for product, engineering, commercial, operations mapping."
M-Pesa,Tier 1,Africa Fintech Champions,Africa Fintech Champions,Africa,,,,9,"Product, Engineering, Commercial, Operations",https://www.m-pesa.com,https://www.linkedin.com/company/m-pesa,https://www.m-pesa.com/careers,"Tier 1 Africa Fintech Champions talent pool for Lean. Useful for product, engineering, commercial, operations mapping."
Stitch,Tier 1,Africa Fintech Champions,Africa Fintech Champions,Africa,,,,9,"Product, Engineering, Commercial, Operations",https://www.stitch.com,https://www.linkedin.com/company/stitch,https://www.stitch.com/careers,"Tier 1 Africa Fintech Champions talent pool for Lean. Useful for product, engineering, commercial, operations mapping."
Yoco,Tier 1,Africa Fintech Champions,Africa Fintech Champions,Africa,,,,9,"Product, Engineering, Commercial, Operations",https://www.yoco.com,https://www.linkedin.com/company/yoco,https://www.yoco.com/careers,"Tier 1 Africa Fintech Champions talent pool for Lean. Useful for product, engineering, commercial, operations mapping."
Paystack,Tier 1,Africa Fintech Champions,Africa Fintech Champions,Africa,,,,9,"Product, Engineering, Commercial, Operations",https://www.paystack.com,https://www.linkedin.com/company/paystack,https://www.paystack.com/careers,"Tier 1 Africa Fintech Champions talent pool for Lean. Useful for product, engineering, commercial, operations mapping."
TymeBank,Tier 1,Africa Fintech Champions,Africa Fintech Champions,Africa,,,,9,"Product, Engineering, Commercial, Operations",https://www.tymebank.com,https://www.linkedin.com/company/tymebank,https://www.tymebank.com/careers,"Tier 1 Africa Fintech Champions talent pool for Lean. Useful for product, engineering, commercial, operations mapping."
Kuda,Tier 1,Africa Fintech Champions,Africa Fintech Champions,Africa,,,,9,"Product, Engineering, Commercial, Operations",https://www.kuda.com,https://www.linkedin.com/company/kuda,https://www.kuda.com/careers,"Tier 1 Africa Fintech Champions talent pool for Lean. Useful for product, engineering, commercial, operations mapping."
Revolut,Tier 2,Digital Banking,Digital Banking,US / Europe / LATAM,,,,8,"Product, Engineering, Risk, Compliance, Growth",https://www.revolut.com,https://www.linkedin.com/company/revolut,https://www.revolut.com/careers,"Tier 2 Digital Banking talent pool for Lean. Useful for product, engineering, risk, compliance, growth mapping."
Monzo,Tier 2,Digital Banking,Digital Banking,US / Europe / LATAM,,,,8,"Product, Engineering, Risk, Compliance, Growth",https://www.monzo.com,https://www.linkedin.com/company/monzo,https://www.monzo.com/careers,"Tier 2 Digital Banking talent pool for Lean. Useful for product, engineering, risk, compliance, growth mapping."
Starling Bank,Tier 2,Digital Banking,Digital Banking,US / Europe / LATAM,,,,8,"Product, Engineering, Risk, Compliance, Growth",https://www.starlingbank.com,https://www.linkedin.com/company/starling-bank,https://www.starlingbank.com/careers,"Tier 2 Digital Banking talent pool for Lean. Useful for product, engineering, risk, compliance, growth mapping."
N26,Tier 2,Digital Banking,Digital Banking,US / Europe / LATAM,,,,8,"Product, Engineering, Risk, Compliance, Growth",https://www.n26.com,https://www.linkedin.com/company/n26,https://www.n26.com/careers,"Tier 2 Digital Banking talent pool for Lean. Useful for product, engineering, risk, compliance, growth mapping."
Bunq,Tier 2,Digital Banking,Digital Banking,US / Europe / LATAM,,,,8,"Product, Engineering, Risk, Compliance, Growth",https://www.bunq.com,https://www.linkedin.com/company/bunq,https://www.bunq.com/careers,"Tier 2 Digital Banking talent pool for Lean. Useful for product, engineering, risk, compliance, growth mapping."
Nubank,Tier 2,Digital Banking,Digital Banking,US / Europe / LATAM,,,,8,"Product, Engineering, Risk, Compliance, Growth",https://www.nubank.com,https://www.linkedin.com/company/nubank,https://www.nubank.com/careers,"Tier 2 Digital Banking talent pool for Lean. Useful for product, engineering, risk, compliance, growth mapping."
Lunar,Tier 2,Digital Banking,Digital Banking,US / Europe / LATAM,,,,8,"Product, Engineering, Risk, Compliance, Growth",https://www.lunar.com,https://www.linkedin.com/company/lunar,https://www.lunar.com/careers,"Tier 2 Digital Banking talent pool for Lean. Useful for product, engineering, risk, compliance, growth mapping."
Varo Bank,Tier 2,Digital Banking,Digital Banking,US / Europe / LATAM,,,,8,"Product, Engineering, Risk, Compliance, Growth",https://www.varomoney.com,https://www.linkedin.com/company/varo-bank,https://www.varomoney.com/careers,"Tier 2 Digital Banking talent pool for Lean. Useful for product, engineering, risk, compliance, growth mapping."
Chime,Tier 2,Digital Banking,Digital Banking,US / Europe / LATAM,,,,8,"Product, Engineering, Risk, Compliance, Growth",https://www.chime.com,https://www.linkedin.com/company/chime,https://www.chime.com/careers,"Tier 2 Digital Banking talent pool for Lean. Useful for product, engineering, risk, compliance, growth mapping."
Current,Tier 2,Digital Banking,Digital Banking,US / Europe / LATAM,,,,8,"Product, Engineering, Risk, Compliance, Growth",https://www.current.com,https://www.linkedin.com/company/current,https://www.current.com/careers,"Tier 2 Digital Banking talent pool for Lean. Useful for product, engineering, risk, compliance, growth mapping."
Klarna,Tier 2,Lending & Credit,Lending & Credit,Global,,,,8,"Product, Risk, Credit, Data, Commercial",https://www.klarna.com,https://www.linkedin.com/company/klarna,https://www.klarna.com/careers,"Tier 2 Lending & Credit talent pool for Lean. Useful for product, risk, credit, data, commercial mapping."
Zilch,Tier 2,Lending & Credit,Lending & Credit,Global,,,,8,"Product, Risk, Credit, Data, Commercial",https://www.zilch.com,https://www.linkedin.com/company/zilch,https://www.zilch.com/careers,"Tier 2 Lending & Credit talent pool for Lean. Useful for product, risk, credit, data, commercial mapping."
LendingClub,Tier 2,Lending & Credit,Lending & Credit,Global,,,,8,"Product, Risk, Credit, Data, Commercial",https://www.lendingclub.com,https://www.linkedin.com/company/lendingclub,https://www.lendingclub.com/careers,"Tier 2 Lending & Credit talent pool for Lean. Useful for product, risk, credit, data, commercial mapping."
Affirm,Tier 2,Lending & Credit,Lending & Credit,Global,,,,8,"Product, Risk, Credit, Data, Commercial",https://www.affirm.com,https://www.linkedin.com/company/affirm,https://www.affirm.com/careers,"Tier 2 Lending & Credit talent pool for Lean. Useful for product, risk, credit, data, commercial mapping."
Upstart,Tier 2,Lending & Credit,Lending & Credit,Global,,,,8,"Product, Risk, Credit, Data, Commercial",https://www.upstart.com,https://www.linkedin.com/company/upstart,https://www.upstart.com/careers,"Tier 2 Lending & Credit talent pool for Lean. Useful for product, risk, credit, data, commercial mapping."
Prosper,Tier 2,Lending & Credit,Lending & Credit,Global,,,,8,"Product, Risk, Credit, Data, Commercial",https://www.prosper.com,https://www.linkedin.com/company/prosper,https://www.prosper.com/careers,"Tier 2 Lending & Credit talent pool for Lean. Useful for product, risk, credit, data, commercial mapping."
SoFi,Tier 2,Lending & Credit,Lending & Credit,Global,,,,8,"Product, Risk, Credit, Data, Commercial",https://www.sofi.com,https://www.linkedin.com/company/sofi,https://www.sofi.com/careers,"Tier 2 Lending & Credit talent pool for Lean. Useful for product, risk, credit, data, commercial mapping."
Tala,Tier 2,Lending & Credit,Lending & Credit,Global,,,,8,"Product, Risk, Credit, Data, Commercial",https://www.tala.com,https://www.linkedin.com/company/tala,https://www.tala.com/careers,"Tier 2 Lending & Credit talent pool for Lean. Useful for product, risk, credit, data, commercial mapping."
Branch,Tier 2,Lending & Credit,Lending & Credit,Global,,,,8,"Product, Risk, Credit, Data, Commercial",https://www.branch.com,https://www.linkedin.com/company/branch,https://www.branch.com/careers,"Tier 2 Lending & Credit talent pool for Lean. Useful for product, risk, credit, data, commercial mapping."
OakNorth,Tier 2,Lending & Credit,Lending & Credit,Global,,,,8,"Product, Risk, Credit, Data, Commercial",https://www.oaknorth.com,https://www.linkedin.com/company/oaknorth,https://www.oaknorth.com/careers,"Tier 2 Lending & Credit talent pool for Lean. Useful for product, risk, credit, data, commercial mapping."
Onfido,Tier 2,"Identity, Risk & Compliance","Identity, Risk & Compliance",Global,,,,8,"Product, Risk, Compliance, Data, Engineering",https://www.onfido.com,https://www.linkedin.com/company/onfido,https://www.onfido.com/careers,"Tier 2 Identity, Risk & Compliance talent pool for Lean. Useful for product, risk, compliance, data, engineering mapping."
Trulioo,Tier 2,"Identity, Risk & Compliance","Identity, Risk & Compliance",Global,,,,8,"Product, Risk, Compliance, Data, Engineering",https://www.trulioo.com,https://www.linkedin.com/company/trulioo,https://www.trulioo.com/careers,"Tier 2 Identity, Risk & Compliance talent pool for Lean. Useful for product, risk, compliance, data, engineering mapping."
Veriff,Tier 2,"Identity, Risk & Compliance","Identity, Risk & Compliance",Global,,,,8,"Product, Risk, Compliance, Data, Engineering",https://www.veriff.com,https://www.linkedin.com/company/veriff,https://www.veriff.com/careers,"Tier 2 Identity, Risk & Compliance talent pool for Lean. Useful for product, risk, compliance, data, engineering mapping."
Persona,Tier 2,"Identity, Risk & Compliance","Identity, Risk & Compliance",Global,,,,8,"Product, Risk, Compliance, Data, Engineering",https://www.persona.com,https://www.linkedin.com/company/persona,https://www.persona.com/careers,"Tier 2 Identity, Risk & Compliance talent pool for Lean. Useful for product, risk, compliance, data, engineering mapping."
Alloy,Tier 2,"Identity, Risk & Compliance","Identity, Risk & Compliance",Global,,,,8,"Product, Risk, Compliance, Data, Engineering",https://www.alloy.com,https://www.linkedin.com/company/alloy,https://www.alloy.com/careers,"Tier 2 Identity, Risk & Compliance talent pool for Lean. Useful for product, risk, compliance, data, engineering mapping."
Sardine,Tier 2,"Identity, Risk & Compliance","Identity, Risk & Compliance",Global,,,,8,"Product, Risk, Compliance, Data, Engineering",https://www.sardine.com,https://www.linkedin.com/company/sardine,https://www.sardine.com/careers,"Tier 2 Identity, Risk & Compliance talent pool for Lean. Useful for product, risk, compliance, data, engineering mapping."
ComplyAdvantage,Tier 2,"Identity, Risk & Compliance","Identity, Risk & Compliance",Global,,,,8,"Product, Risk, Compliance, Data, Engineering",https://www.complyadvantage.com,https://www.linkedin.com/company/complyadvantage,https://www.complyadvantage.com/careers,"Tier 2 Identity, Risk & Compliance talent pool for Lean. Useful for product, risk, compliance, data, engineering mapping."
Feedzai,Tier 2,"Identity, Risk & Compliance","Identity, Risk & Compliance",Global,,,,8,"Product, Risk, Compliance, Data, Engineering",https://www.feedzai.com,https://www.linkedin.com/company/feedzai,https://www.feedzai.com/careers,"Tier 2 Identity, Risk & Compliance talent pool for Lean. Useful for product, risk, compliance, data, engineering mapping."
Forter,Tier 2,"Identity, Risk & Compliance","Identity, Risk & Compliance",Global,,,,8,"Product, Risk, Compliance, Data, Engineering",https://www.forter.com,https://www.linkedin.com/company/forter,https://www.forter.com/careers,"Tier 2 Identity, Risk & Compliance talent pool for Lean. Useful for product, risk, compliance, data, engineering mapping."
Socure,Tier 2,"Identity, Risk & Compliance","Identity, Risk & Compliance",Global,,,,8,"Product, Risk, Compliance, Data, Engineering",https://www.socure.com,https://www.linkedin.com/company/socure,https://www.socure.com/careers,"Tier 2 Identity, Risk & Compliance talent pool for Lean. Useful for product, risk, compliance, data, engineering mapping."
Robinhood,Tier 2,Wealth & Investing,Wealth & Investing,US / Europe,,,,7,"Product, Engineering, Growth, Compliance",https://www.robinhood.com,https://www.linkedin.com/company/robinhood,https://www.robinhood.com/careers,"Tier 2 Wealth & Investing talent pool for Lean. Useful for product, engineering, growth, compliance mapping."
Wealthfront,Tier 2,Wealth & Investing,Wealth & Investing,US / Europe,,,,7,"Product, Engineering, Growth, Compliance",https://www.wealthfront.com,https://www.linkedin.com/company/wealthfront,https://www.wealthfront.com/careers,"Tier 2 Wealth & Investing talent pool for Lean. Useful for product, engineering, growth, compliance mapping."
Betterment,Tier 2,Wealth & Investing,Wealth & Investing,US / Europe,,,,7,"Product, Engineering, Growth, Compliance",https://www.betterment.com,https://www.linkedin.com/company/betterment,https://www.betterment.com/careers,"Tier 2 Wealth & Investing talent pool for Lean. Useful for product, engineering, growth, compliance mapping."
Nutmeg,Tier 2,Wealth & Investing,Wealth & Investing,US / Europe,,,,7,"Product, Engineering, Growth, Compliance",https://www.nutmeg.com,https://www.linkedin.com/company/nutmeg,https://www.nutmeg.com/careers,"Tier 2 Wealth & Investing talent pool for Lean. Useful for product, engineering, growth, compliance mapping."
eToro,Tier 2,Wealth & Investing,Wealth & Investing,US / Europe,,,,7,"Product, Engineering, Growth, Compliance",https://www.etoro.com,https://www.linkedin.com/company/etoro,https://www.etoro.com/careers,"Tier 2 Wealth & Investing talent pool for Lean. Useful for product, engineering, growth, compliance mapping."
Trading 212,Tier 2,Wealth & Investing,Wealth & Investing,US / Europe,,,,7,"Product, Engineering, Growth, Compliance",https://www.trading212.com,https://www.linkedin.com/company/trading-212,https://www.trading212.com/careers,"Tier 2 Wealth & Investing talent pool for Lean. Useful for product, engineering, growth, compliance mapping."
Freetrade,Tier 2,Wealth & Investing,Wealth & Investing,US / Europe,,,,7,"Product, Engineering, Growth, Compliance",https://www.freetrade.com,https://www.linkedin.com/company/freetrade,https://www.freetrade.com/careers,"Tier 2 Wealth & Investing talent pool for Lean. Useful for product, engineering, growth, compliance mapping."
Public.com,Tier 2,Wealth & Investing,Wealth & Investing,US / Europe,,,,7,"Product, Engineering, Growth, Compliance",https://public.com,https://www.linkedin.com/company/publicapp,https://public.com/careers,"Tier 2 Wealth & Investing talent pool for Lean. Useful for product, engineering, growth, compliance mapping."
Acorns,Tier 2,Wealth & Investing,Wealth & Investing,US / Europe,,,,7,"Product, Engineering, Growth, Compliance",https://www.acorns.com,https://www.linkedin.com/company/acorns,https://www.acorns.com/careers,"Tier 2 Wealth & Investing talent pool for Lean. Useful for product, engineering, growth, compliance mapping."
Stash,Tier 2,Wealth & Investing,Wealth & Investing,US / Europe,,,,7,"Product, Engineering, Growth, Compliance",https://www.stash.com,https://www.linkedin.com/company/stash,https://www.stash.com/careers,"Tier 2 Wealth & Investing talent pool for Lean. Useful for product, engineering, growth, compliance mapping."
Google,Tier 3,Big Tech & Enterprise SaaS,Big Tech & Enterprise SaaS,Global,,,,6,"Engineering, Product, Data, Growth",https://www.google.com,https://www.linkedin.com/company/google,https://www.google.com/careers,"Tier 3 Big Tech & Enterprise SaaS talent pool for Lean. Useful for engineering, product, data, growth mapping."
Meta,Tier 3,Big Tech & Enterprise SaaS,Big Tech & Enterprise SaaS,Global,,,,6,"Engineering, Product, Data, Growth",https://www.meta.com,https://www.linkedin.com/company/meta,https://www.meta.com/careers,"Tier 3 Big Tech & Enterprise SaaS talent pool for Lean. Useful for engineering, product, data, growth mapping."
Amazon,Tier 3,Big Tech & Enterprise SaaS,Big Tech & Enterprise SaaS,Global,,,,6,"Engineering, Product, Data, Growth",https://www.amazon.com,https://www.linkedin.com/company/amazon,https://www.amazon.com/careers,"Tier 3 Big Tech & Enterprise SaaS talent pool for Lean. Useful for engineering, product, data, growth mapping."
Apple,Tier 3,Big Tech & Enterprise SaaS,Big Tech & Enterprise SaaS,Global,,,,6,"Engineering, Product, Data, Growth",https://www.apple.com,https://www.linkedin.com/company/apple,https://www.apple.com/careers,"Tier 3 Big Tech & Enterprise SaaS talent pool for Lean. Useful for engineering, product, data, growth mapping."
Microsoft,Tier 3,Big Tech & Enterprise SaaS,Big Tech & Enterprise SaaS,Global,,,,6,"Engineering, Product, Data, Growth",https://www.microsoft.com,https://www.linkedin.com/company/microsoft,https://www.microsoft.com/careers,"Tier 3 Big Tech & Enterprise SaaS talent pool for Lean. Useful for engineering, product, data, growth mapping."
Salesforce,Tier 3,Big Tech & Enterprise SaaS,Big Tech & Enterprise SaaS,Global,,,,6,"Engineering, Product, Data, Growth",https://www.salesforce.com,https://www.linkedin.com/company/salesforce,https://www.salesforce.com/careers,"Tier 3 Big Tech & Enterprise SaaS talent pool for Lean. Useful for engineering, product, data, growth mapping."
HubSpot,Tier 3,Big Tech & Enterprise SaaS,Big Tech & Enterprise SaaS,Global,,,,6,"Engineering, Product, Data, Growth",https://www.hubspot.com,https://www.linkedin.com/company/hubspot,https://www.hubspot.com/careers,"Tier 3 Big Tech & Enterprise SaaS talent pool for Lean. Useful for engineering, product, data, growth mapping."
Atlassian,Tier 3,Big Tech & Enterprise SaaS,Big Tech & Enterprise SaaS,Global,,,,6,"Engineering, Product, Data, Growth",https://www.atlassian.com,https://www.linkedin.com/company/atlassian,https://www.atlassian.com/careers,"Tier 3 Big Tech & Enterprise SaaS talent pool for Lean. Useful for engineering, product, data, growth mapping."
Datadog,Tier 3,Big Tech & Enterprise SaaS,Big Tech & Enterprise SaaS,Global,,,,6,"Engineering, Product, Data, Growth",https://www.datadog.com,https://www.linkedin.com/company/datadog,https://www.datadog.com/careers,"Tier 3 Big Tech & Enterprise SaaS talent pool for Lean. Useful for engineering, product, data, growth mapping."
Snowflake,Tier 3,Big Tech & Enterprise SaaS,Big Tech & Enterprise SaaS,Global,,,,6,"Engineering, Product, Data, Growth",https://www.snowflake.com,https://www.linkedin.com/company/snowflake,https://www.snowflake.com/careers,"Tier 3 Big Tech & Enterprise SaaS talent pool for Lean. Useful for engineering, product, data, growth mapping."
McKinsey & Company,Tier 3,Consulting,Consulting,Global,,,,6,"Strategy, Commercial, Operations, Partnerships",https://www.mckinsey.com,https://www.linkedin.com/company/mckinsey,https://www.mckinsey.com/careers,"Tier 3 Consulting talent pool for Lean. Useful for strategy, commercial, operations, partnerships mapping."
Bain & Company,Tier 3,Consulting,Consulting,Global,,,,6,"Strategy, Commercial, Operations, Partnerships",https://www.bain.com,https://www.linkedin.com/company/bain-and-company,https://www.bain.com/careers,"Tier 3 Consulting talent pool for Lean. Useful for strategy, commercial, operations, partnerships mapping."
Boston Consulting Group,Tier 3,Consulting,Consulting,Global,,,,6,"Strategy, Commercial, Operations, Partnerships",https://www.bcg.com,https://www.linkedin.com/company/boston-consulting-group,https://www.bcg.com/careers,"Tier 3 Consulting talent pool for Lean. Useful for strategy, commercial, operations, partnerships mapping."
Accenture,Tier 3,Consulting,Consulting,Global,,,,6,"Strategy, Commercial, Operations, Partnerships",https://www.accenture.com,https://www.linkedin.com/company/accenture,https://www.accenture.com/careers,"Tier 3 Consulting talent pool for Lean. Useful for strategy, commercial, operations, partnerships mapping."
Deloitte,Tier 3,Consulting,Consulting,Global,,,,6,"Strategy, Commercial, Operations, Partnerships",https://www.deloitte.com,https://www.linkedin.com/company/deloitte,https://www.deloitte.com/careers,"Tier 3 Consulting talent pool for Lean. Useful for strategy, commercial, operations, partnerships mapping."
PwC,Tier 3,Consulting,Consulting,Global,,,,6,"Strategy, Commercial, Operations, Partnerships",https://www.pwc.com,https://www.linkedin.com/company/pwc,https://www.pwc.com/careers,"Tier 3 Consulting talent pool for Lean. Useful for strategy, commercial, operations, partnerships mapping."
EY,Tier 3,Consulting,Consulting,Global,,,,6,"Strategy, Commercial, Operations, Partnerships",https://www.ey.com,https://www.linkedin.com/company/ey,https://www.ey.com/careers,"Tier 3 Consulting talent pool for Lean. Useful for strategy, commercial, operations, partnerships mapping."
KPMG,Tier 3,Consulting,Consulting,Global,,,,6,"Strategy, Commercial, Operations, Partnerships",https://www.kpmg.com,https://www.linkedin.com/company/kpmg,https://www.kpmg.com/careers,"Tier 3 Consulting talent pool for Lean. Useful for strategy, commercial, operations, partnerships mapping."
Oliver Wyman,Tier 3,Consulting,Consulting,Global,,,,6,"Strategy, Commercial, Operations, Partnerships",https://www.oliver-wyman.com,https://www.linkedin.com/company/oliver-wyman,https://www.oliver-wyman.com/careers,"Tier 3 Consulting talent pool for Lean. Useful for strategy, commercial, operations, partnerships mapping."
Strategy&,Tier 3,Consulting,Consulting,Global,,,,6,"Strategy, Commercial, Operations, Partnerships",https://www.strategyand.pwc.com,https://www.linkedin.com/company/strategyand,https://www.strategyand.pwc.com/careers,"Tier 3 Consulting talent pool for Lean. Useful for strategy, commercial, operations, partnerships mapping."
Property Finder,Tier 3,Regional Scale-Ups & Digital Finance,Regional Scale-Ups & Digital Finance,MENA / GCC,,,,7,"Product, Growth, Commercial, Operations",https://www.property-finder.com,https://www.linkedin.com/company/property-finder,https://www.property-finder.com/careers,"Tier 3 Regional Scale-Ups & Digital Finance talent pool for Lean. Useful for product, growth, commercial, operations mapping."
Kitopi,Tier 3,Regional Scale-Ups & Digital Finance,Regional Scale-Ups & Digital Finance,MENA / GCC,,,,7,"Product, Growth, Commercial, Operations",https://www.kitopi.com,https://www.linkedin.com/company/kitopi,https://www.kitopi.com/careers,"Tier 3 Regional Scale-Ups & Digital Finance talent pool for Lean. Useful for product, growth, commercial, operations mapping."
Noon,Tier 3,Regional Scale-Ups & Digital Finance,Regional Scale-Ups & Digital Finance,MENA / GCC,,,,7,"Product, Growth, Commercial, Operations",https://www.noon.com,https://www.linkedin.com/company/noon,https://www.noon.com/careers,"Tier 3 Regional Scale-Ups & Digital Finance talent pool for Lean. Useful for product, growth, commercial, operations mapping."
Dubizzle Group,Tier 3,Regional Scale-Ups & Digital Finance,Regional Scale-Ups & Digital Finance,MENA / GCC,,,,7,"Product, Growth, Commercial, Operations",https://www.dubizzle-group.com,https://www.linkedin.com/company/dubizzle-group,https://www.dubizzle-group.com/careers,"Tier 3 Regional Scale-Ups & Digital Finance talent pool for Lean. Useful for product, growth, commercial, operations mapping."
Talabat,Tier 3,Regional Scale-Ups & Digital Finance,Regional Scale-Ups & Digital Finance,MENA / GCC,,,,7,"Product, Growth, Commercial, Operations",https://www.talabat.com,https://www.linkedin.com/company/talabat,https://www.talabat.com/careers,"Tier 3 Regional Scale-Ups & Digital Finance talent pool for Lean. Useful for product, growth, commercial, operations mapping."
Careem Pay,Tier 3,Regional Scale-Ups & Digital Finance,Regional Scale-Ups & Digital Finance,MENA / GCC,,,,7,"Product, Growth, Commercial, Operations",https://www.careem.com,https://www.linkedin.com/company/careem,https://www.careem.com/careers,"Tier 3 Regional Scale-Ups & Digital Finance talent pool for Lean. Useful for product, growth, commercial, operations mapping."
Wio Bank,Tier 3,Regional Scale-Ups & Digital Finance,Regional Scale-Ups & Digital Finance,MENA / GCC,,,,7,"Product, Growth, Commercial, Operations",https://www.wio.io,https://www.linkedin.com/company/wio-bank,https://www.wio.io/careers,"Tier 3 Regional Scale-Ups & Digital Finance talent pool for Lean. Useful for product, growth, commercial, operations mapping."
Mashreq Neo,Tier 3,Regional Scale-Ups & Digital Finance,Regional Scale-Ups & Digital Finance,MENA / GCC,,,,7,"Product, Growth, Commercial, Operations",https://www.mashreq.com,https://www.linkedin.com/company/mashreq-bank,https://www.mashreq.com/careers,"Tier 3 Regional Scale-Ups & Digital Finance talent pool for Lean. Useful for product, growth, commercial, operations mapping."
Liv.,Tier 3,Regional Scale-Ups & Digital Finance,Regional Scale-Ups & Digital Finance,MENA / GCC,,,,7,"Product, Growth, Commercial, Operations",https://www.liv.me,https://www.linkedin.com/company/livbank,https://www.liv.me/careers,"Tier 3 Regional Scale-Ups & Digital Finance talent pool for Lean. Useful for product, growth, commercial, operations mapping."
STC Pay,Tier 3,Regional Scale-Ups & Digital Finance,Regional Scale-Ups & Digital Finance,MENA / GCC,,,,7,"Product, Growth, Commercial, Operations",https://stcpay.com.sa,https://www.linkedin.com/company/stc-pay,https://stcpay.com.sa/careers,"Tier 3 Regional Scale-Ups & Digital Finance talent pool for Lean. Useful for product, growth, commercial, operations mapping."
JPMorgan Chase,Tier 3,Financial Institutions,Financial Institutions,Global / GCC,,,,6,"Partnerships, Compliance, Risk, Operations, Product",https://www.jpmorganchase.com,https://www.linkedin.com/company/jpmorganchase,https://www.jpmorganchase.com/careers,"Tier 3 Financial Institutions talent pool for Lean. Useful for partnerships, compliance, risk, operations, product mapping."
Citi,Tier 3,Financial Institutions,Financial Institutions,Global / GCC,,,,6,"Partnerships, Compliance, Risk, Operations, Product",https://www.citi.com,https://www.linkedin.com/company/citi,https://www.citi.com/careers,"Tier 3 Financial Institutions talent pool for Lean. Useful for partnerships, compliance, risk, operations, product mapping."
HSBC,Tier 3,Financial Institutions,Financial Institutions,Global / GCC,,,,6,"Partnerships, Compliance, Risk, Operations, Product",https://www.hsbc.com,https://www.linkedin.com/company/hsbc,https://www.hsbc.com/careers,"Tier 3 Financial Institutions talent pool for Lean. Useful for partnerships, compliance, risk, operations, product mapping."
Standard Chartered,Tier 3,Financial Institutions,Financial Institutions,Global / GCC,,,,6,"Partnerships, Compliance, Risk, Operations, Product",https://www.standard-chartered.com,https://www.linkedin.com/company/standard-chartered,https://www.standard-chartered.com/careers,"Tier 3 Financial Institutions talent pool for Lean. Useful for partnerships, compliance, risk, operations, product mapping."
First Abu Dhabi Bank,Tier 3,Financial Institutions,Financial Institutions,Global / GCC,,,,6,"Partnerships, Compliance, Risk, Operations, Product",https://www.bankfab.com,https://www.linkedin.com/company/fab,https://www.bankfab.com/careers,"Tier 3 Financial Institutions talent pool for Lean. Useful for partnerships, compliance, risk, operations, product mapping."
Emirates NBD,Tier 3,Financial Institutions,Financial Institutions,Global / GCC,,,,6,"Partnerships, Compliance, Risk, Operations, Product",https://www.emirates-nbd.com,https://www.linkedin.com/company/emirates-nbd,https://www.emirates-nbd.com/careers,"Tier 3 Financial Institutions talent pool for Lean. Useful for partnerships, compliance, risk, operations, product mapping."
ADCB,Tier 3,Financial Institutions,Financial Institutions,Global / GCC,,,,6,"Partnerships, Compliance, Risk, Operations, Product",https://www.adcb.com,https://www.linkedin.com/company/adcb,https://www.adcb.com/careers,"Tier 3 Financial Institutions talent pool for Lean. Useful for partnerships, compliance, risk, operations, product mapping."
Saudi National Bank,Tier 3,Financial Institutions,Financial Institutions,Global / GCC,,,,6,"Partnerships, Compliance, Risk, Operations, Product",https://www.alahli.com,https://www.linkedin.com/company/the-saudi-national-bank,https://www.alahli.com/careers,"Tier 3 Financial Institutions talent pool for Lean. Useful for partnerships, compliance, risk, operations, product mapping."
Al Rajhi Bank,Tier 3,Financial Institutions,Financial Institutions,Global / GCC,,,,6,"Partnerships, Compliance, Risk, Operations, Product",https://www.alrajhibank.com.sa,https://www.linkedin.com/company/alrajhi-bank,https://www.alrajhibank.com.sa/careers,"Tier 3 Financial Institutions talent pool for Lean. Useful for partnerships, compliance, risk, operations, product mapping."
QNB,Tier 3,Financial Institutions,Financial Institutions,Global / GCC,,,,6,"Partnerships, Compliance, Risk, Operations, Product",https://www.qnb.com,https://www.linkedin.com/company/qnb,https://www.qnb.com/careers,"Tier 3 Financial Institutions talent pool for Lean. Useful for partnerships, compliance, risk, operations, product mapping."
Worldpay,Tier 2,Payments & Merchant Services,Payments & Merchant Services,Global / MENA,,,,8,"Commercial, Product, Engineering, Risk, Operations",https://www.worldpay.com,https://www.linkedin.com/company/worldpay,https://www.worldpay.com/careers,"Tier 2 Payments & Merchant Services talent pool for Lean. Useful for commercial, product, engineering, risk, operations mapping."
FIS,Tier 2,Payments & Merchant Services,Payments & Merchant Services,Global / MENA,,,,8,"Commercial, Product, Engineering, Risk, Operations",https://www.fis.com,https://www.linkedin.com/company/fis,https://www.fis.com/careers,"Tier 2 Payments & Merchant Services talent pool for Lean. Useful for commercial, product, engineering, risk, operations mapping."
Fiserv,Tier 2,Payments & Merchant Services,Payments & Merchant Services,Global / MENA,,,,8,"Commercial, Product, Engineering, Risk, Operations",https://www.fiserv.com,https://www.linkedin.com/company/fiserv,https://www.fiserv.com/careers,"Tier 2 Payments & Merchant Services talent pool for Lean. Useful for commercial, product, engineering, risk, operations mapping."
PayPal,Tier 2,Payments & Merchant Services,Payments & Merchant Services,Global / MENA,,,,8,"Commercial, Product, Engineering, Risk, Operations",https://www.paypal.com,https://www.linkedin.com/company/paypal,https://www.paypal.com/careers,"Tier 2 Payments & Merchant Services talent pool for Lean. Useful for commercial, product, engineering, risk, operations mapping."
Block,Tier 2,Payments & Merchant Services,Payments & Merchant Services,Global / MENA,,,,8,"Commercial, Product, Engineering, Risk, Operations",https://block.xyz,https://www.linkedin.com/company/block,https://block.xyz/careers,"Tier 2 Payments & Merchant Services talent pool for Lean. Useful for commercial, product, engineering, risk, operations mapping."
Square,Tier 2,Payments & Merchant Services,Payments & Merchant Services,Global / MENA,,,,8,"Commercial, Product, Engineering, Risk, Operations",https://squareup.com,https://www.linkedin.com/company/square,https://squareup.com/careers,"Tier 2 Payments & Merchant Services talent pool for Lean. Useful for commercial, product, engineering, risk, operations mapping."
Braintree,Tier 2,Payments & Merchant Services,Payments & Merchant Services,Global / MENA,,,,8,"Commercial, Product, Engineering, Risk, Operations",https://www.braintree.com,https://www.linkedin.com/company/braintree,https://www.braintree.com/careers,"Tier 2 Payments & Merchant Services talent pool for Lean. Useful for commercial, product, engineering, risk, operations mapping."
Network International,Tier 2,Payments & Merchant Services,Payments & Merchant Services,Global / MENA,,,,8,"Commercial, Product, Engineering, Risk, Operations",https://www.network.ae,https://www.linkedin.com/company/network-international,https://www.network.ae/careers,"Tier 2 Payments & Merchant Services talent pool for Lean. Useful for commercial, product, engineering, risk, operations mapping."
Magnati,Tier 2,Payments & Merchant Services,Payments & Merchant Services,Global / MENA,,,,8,"Commercial, Product, Engineering, Risk, Operations",https://www.magnati.com,https://www.linkedin.com/company/magnati,https://www.magnati.com/careers,"Tier 2 Payments & Merchant Services talent pool for Lean. Useful for commercial, product, engineering, risk, operations mapping."
Amazon Payment Services,Tier 2,Payments & Merchant Services,Payments & Merchant Services,Global / MENA,,,,8,"Commercial, Product, Engineering, Risk, Operations",https://paymentservices.amazon.com,https://www.linkedin.com/company/amazon-payment-services,https://paymentservices.amazon.com/careers,"Tier 2 Payments & Merchant Services talent pool for Lean. Useful for commercial, product, engineering, risk, operations mapping."
Razorpay,Tier 2,Payments & Open Banking Adjacent,Payments & Open Banking Adjacent,India / Europe,,,,8,"Engineering, Product, Partnerships, Commercial",https://www.razorpay.com,https://www.linkedin.com/company/razorpay,https://www.razorpay.com/careers,"Tier 2 Payments & Open Banking Adjacent talent pool for Lean. Useful for engineering, product, partnerships, commercial mapping."
PhonePe,Tier 2,Payments & Open Banking Adjacent,Payments & Open Banking Adjacent,India / Europe,,,,8,"Engineering, Product, Partnerships, Commercial",https://www.phonepe.com,https://www.linkedin.com/company/phonepe,https://www.phonepe.com/careers,"Tier 2 Payments & Open Banking Adjacent talent pool for Lean. Useful for engineering, product, partnerships, commercial mapping."
Paytm,Tier 2,Payments & Open Banking Adjacent,Payments & Open Banking Adjacent,India / Europe,,,,8,"Engineering, Product, Partnerships, Commercial",https://www.paytm.com,https://www.linkedin.com/company/paytm,https://www.paytm.com/careers,"Tier 2 Payments & Open Banking Adjacent talent pool for Lean. Useful for engineering, product, partnerships, commercial mapping."
Pine Labs,Tier 2,Payments & Open Banking Adjacent,Payments & Open Banking Adjacent,India / Europe,,,,8,"Engineering, Product, Partnerships, Commercial",https://www.pine-labs.com,https://www.linkedin.com/company/pine-labs,https://www.pine-labs.com/careers,"Tier 2 Payments & Open Banking Adjacent talent pool for Lean. Useful for engineering, product, partnerships, commercial mapping."
Juspay,Tier 2,Payments & Open Banking Adjacent,Payments & Open Banking Adjacent,India / Europe,,,,8,"Engineering, Product, Partnerships, Commercial",https://www.juspay.com,https://www.linkedin.com/company/juspay,https://www.juspay.com/careers,"Tier 2 Payments & Open Banking Adjacent talent pool for Lean. Useful for engineering, product, partnerships, commercial mapping."
Cashfree Payments,Tier 2,Payments & Open Banking Adjacent,Payments & Open Banking Adjacent,India / Europe,,,,8,"Engineering, Product, Partnerships, Commercial",https://www.cashfree-payments.com,https://www.linkedin.com/company/cashfree-payments,https://www.cashfree-payments.com/careers,"Tier 2 Payments & Open Banking Adjacent talent pool for Lean. Useful for engineering, product, partnerships, commercial mapping."
Mollie,Tier 2,Payments & Open Banking Adjacent,Payments & Open Banking Adjacent,India / Europe,,,,8,"Engineering, Product, Partnerships, Commercial",https://www.mollie.com,https://www.linkedin.com/company/mollie,https://www.mollie.com/careers,"Tier 2 Payments & Open Banking Adjacent talent pool for Lean. Useful for engineering, product, partnerships, commercial mapping."
SumUp,Tier 2,Payments & Open Banking Adjacent,Payments & Open Banking Adjacent,India / Europe,,,,8,"Engineering, Product, Partnerships, Commercial",https://www.sumup.com,https://www.linkedin.com/company/sumup,https://www.sumup.com/careers,"Tier 2 Payments & Open Banking Adjacent talent pool for Lean. Useful for engineering, product, partnerships, commercial mapping."
iZettle,Tier 2,Payments & Open Banking Adjacent,Payments & Open Banking Adjacent,India / Europe,,,,8,"Engineering, Product, Partnerships, Commercial",https://www.izettle.com,https://www.linkedin.com/company/izettle,https://www.izettle.com/careers,"Tier 2 Payments & Open Banking Adjacent talent pool for Lean. Useful for engineering, product, partnerships, commercial mapping."
Klarna Kosma,Tier 2,Payments & Open Banking Adjacent,Payments & Open Banking Adjacent,India / Europe,,,,8,"Engineering, Product, Partnerships, Commercial",https://www.klarna.com/kosma/,https://www.linkedin.com/company/klarna-kosma,https://www.klarna.com/kosma/careers,"Tier 2 Payments & Open Banking Adjacent talent pool for Lean. Useful for engineering, product, partnerships, commercial mapping."
